,item_ids,name
0,[  14   15   16 ... 7487 7488 7490],Hobbies
1,"[ 180  181  182  185  187  188  189  349  355  356  361  364  365  373
  379  404  407  409  416  599  601  602  603  610  612  619  621  626
  627  630  631  632  634  637  639  640  643  647  648  649  651  660
  661  663  674  675  680  682  684  686  689  698  703  706  707  708
  712  713  714  715  726  727  730  735  738  741  937  950 1010 1045
 1055 1068 1127 1128 1137 1153 1170 1174 1177 1194 1226 1233 1236 1239
 1244 1250 1281 1305 1411 1436 1437 1481 1527 1546 1562 1727 1728 1730
 1732 1734 1736 1738 1742 1743 1745 1747 1750 1752 1753 1754 1755 1756
 1760 1761 1762 1763 1764 1765 1766 1768 1770 1790 1851 1886 1901 1929
 1932 1941 1946 1954 1960 1964 1988 1989 2012 2048 2065 2072 2085 2087
 2105 2121 2149 2163 2180 2198 2250 2256 2258 2288 2333 2359 2715 2746
 2749 2775 2777 2871 2888 2891 2893 2962 2978 2999 3021 3027 3034 3038
 3039 3047 3052 3054 3059 3060 3063 3067 3068 3070 3071 3074 3077 3081
 3086 3091 3092 3109 3111 3128 3131 3136 3139 3147 3153 3154 3167 3172
 3177 3180 3181 3182 3183 3185 3186 3189 3191 3192 3195 3196 3198 3199
 3287 3322 3391 3400 3424 3429 3441 3451 3454 3465 3489 3498 3500 3504
 3511 3522 3555 3562 3573 3575 3643 3651 3712 3722 3765 3781 3806 3816
 3820 3836 3840 3845 3848 3849 3851 3863 3865 3874 3882 3896 3901 3930
 3952 4007 4009 4036 4039 4067 4081 4355 4357 4362 4364 4365 4367 4369
 4375 4380 4381 4383 4401 4410 4412 4421 4432 4443 4451 4460 4461 4466
 4472 4475 4481 4486 4495 4496 4505 4528 4550 4566 4567 4575 4582 4586
 4615 4625 4668 4669 4673 4674 4675 4681 4691 4692 4695 4697 4703 4706
 4707 4709 4712 4713 4717 4718 4724 4726 4728 4734 4740 4744 4746 4749
 4751 4753 4754 4756 4760 4763 4768 4769 4773 4774 4775 4778 4783 4784
 4785 4789 4791 4792 4793 4796 4804 4808 4812 4813 4815 4816 4821 4823
 4826 4830 4833 4835 4836 4838 4840 4847 4850 4853 4858 4865 4866 4868
 4874 4884 4886 4892 4902 4911 4916 4918 4920 4922 4925 4929 4930 4940
 4941 4944 4945 4955 4959 4961 4962 4963 4967 4972 4974 4988 4992 4993
 4994 5003 5007 5018 5019 5020 5043 5048 5052 5053 5054 5056 5057 5060
 5061 5062 5066 5067 5068 5069 5070 5075 5082 5087 5090 5092 5098 5103
 5106 5107 5108 5109 5110 5115 5116 5120 5125 5126 5129 5133 5136 5138
 5139 5140 5142 5143 5147 5149 5150 5154 5155 5156 5162 5165 5168 5170
 5171 5173 5174 5176 5177 5178 5179 5180 5181 5319 5365 5369 5371 5377
 5387 5388 5389 5390 5391 5392 5396 5399 5405 5407 5411 5416 5419 5421
 5425 5429 5437 5438 5441 5443 5448 5453 5455 5463 5464 5469 5470 5483
 5491 5493 5494 5501 5503 5504 5506 5508 5510 5512 5514 5517 5518 5519
 5525 5526 5528 5695 5724 5739 5769 5777 5784 5787 5839 5849 5850 5851
 5855 5861 5862 5864 5865 5872 5873 5889 5897 5898 5905 5906 5915 5919
 5962 5964 5978 5999 6012 6017 6019 6022 6035 6046 6049 6056 6057 6060
 6061 6069 6074 6086 6091 6100 6101 6103 6114 6125 6132 6146 6147 6151
 6154 6155 6187 6213 6221 6224 6233 6415 6467 6606 6607 6608 6610 6615
 6619 6623 6624 6629 6633 6648 6661 6664 6668 6669 6672 6675 6676 6683
 6686 6688 6689 6694 6698 6700 6701 6704 6706 6707 6708 6709 6710 6713
 6716 6717 6722 6724 6725 6726 6728 6732 6733 6735 6736 6737 6742 6745
 6749 6753 6758 6763 6764 6768 6784 6790 6795 6798 6800 6801 6805 6808
 6811 6816 6823 6827 6829 6831 6833 6835 6836 6838 6839 6840 6842 6843
 6848 6858 6859 6861 6877 6884 6885 6886 6903 6916 6918 6919 6923 6940
 6941 6949 6956 6974 6977 6981 7009 7011 7016 7032 7034 7049 7053 7062
 7069 7081 7097 7105 7107 7111 7112 7113 7127 7170 7228 7300 7346 7382
 7398 7422 7428 7431 7435 7441 7460 7464 7466 7467 7468 7469 7470 7472
 7474 7477 7478 7480 7485]",Characters
2,"[ 183  257 1248 1249 1251 1252 1253 1254 1255 1256 1257 1258 1259 1260
 1261 1262 1263 1264 1265 1266 1267 1268 1269 1270 1271 1272 1273 1274
 1275 1276 1277 1278 1279 1280 1282 1283 1284 1285 1286 1287 1288 1289
 1290 1291 1292 1293 1294 1295 1296 1297 1298 1299 1300 1301 1302 1303
 1304 1306 1307 1308 1309 1310 1311 1312 1313 1314 1315 1316 1317 1318
 1319 1320 1321 1322 1323 1324 1325 1326 1327 1328 1329 1330 1331 1332
 1333 1334 1335 1336 1337 1338 1339 1340 1341 1342 1343 1344 1345 1346
 1347 1348 1349 1350 1351 1352 1353 1354 1355 1356 1357 1358 1359 1360
 1361 1362 1363 1364 1365 1366 1367 1368 1369 1370 1371 1372 1373 1374
 1375 1376 1377 1378 1379 1380 1381 1382 1383 1384 1385 1386 1387 1388
 1389 1390 1391 1392 1393 1394 1395 1396 1397 1398 1399 1400 1401 1402
 1403 1404 1405 1406 1407 1408 1409 1410 1413 1414 1415 1416 1417 1418
 1419 2182 2183 2184 2185 2186 2187 2188 2189 2190 2191 2192 2193 2194
 2195 2196 2197 2199 2200 2201 2202 2203 2204 2205 2206 2207 2208 2209
 2210 2211 2212 2213 2214 2216 2217 2218 2219 2220 2221 2222 2224 2225
 2226 2227 2228 2230 2231 2232 2233 2234 2235 2236 2237 2238 2239 2240
 2241 2242 2243 2244 2245 2246 2247 2248 2249 2251 2252 2253 2254 2255
 2257 2259 2260 2261 2263 2264 2265 2266 2267 2268 2269 2270 2271 2272
 2273 2274 2275 2276 2277 2278 2280 2281 2282 2283 2284 2285 2287 2289
 2290 2291 2292 2293 2294 2297 2298 2299 2300 2301 2302 2303 2304 2305
 2306 2307 2308 2309 2310 2311 2312 2313 2314 2315 2317 2318 2319 2321
 2322 2323 2324 2325 2326 2327 2328 2329 2330 2331 2332 2334 2335 2336
 2337 2338 2339 2341 2342 2343 2344 2345 2346 2347 2348 2349 2350 2351
 2352 2353 2354 2355 2356 2357 2358 2360 2361 2362 2363 2689 2690 2691
 2692 2693 2694 2695 2696 2697 2698 2699 2700 2701 2702 2703 2704 2705
 2706 2707 2708 2709 2710 2711 2712 2713 2714 2716 2717 2718 2719 2720
 2721 2722 2723 2724 2725 2726 2727 2728 2729 2730 2731 2732 2733 2734
 2735 2736 2737 2738 2739 2740 2741 2742 2743 2744 2745 2747 2748 2750
 2751 2752 2753 2754 2755 2756 2757 2758 2759 2760 2761 2762 2763 2764
 2765 2766 2767 2768 2769 2770 2771 2772 2773 2774 2776 2778 2779 2780
 2781 2782 2783 2784 2785 2786 2787 2788 2789 2790 2791 2792 2793 2794
 2795 2796 2797 2798 2799 2800 2802 2803 2804 2805 2806 2807 2808 2809
 2810 2811 2812 2813 2814 2815 2816 2817 2818 2819 2820 2821 2822 2823
 2824 2825 2826 2827 2828 2829 2830 2831 2832 2833 2834 2835 2836 2837
 2838 2839 2840 2841 2842 2843 2844 2845 2846 2847 2848 2849 2850 2851
 2852 2853 2854 2855 2856 2857 2858 2859 2860 2861 2862 2863 2898 2917
 2961 4409 4473 4722 4965 4966 5357 5534 5948 6063 6097 6585 6779 6815
 7061]",Fancy
3,[ 184 3175 3179 3201],Bags
4,"[ 186  345  346  347  348  350  351  352  353  354  357  358  359  360
  362  363  366  367  369  370  371  372  374  375  376  377  378  380
  381  382  383  384  385  387  388  389  391  392  393  394  395  396
  397  398  400  401  402  403  405  408  410  411  413  414  415  417
  418  419  420  742  743  744  745  746  747  748  749  750  751  752
  753  754  755  756  757  758  759  760  761  762  763  764  765  766
  767  768  769  770  771  772  773  774  775  776  777  778  779  780
  781  782  783  784  785  786  787  788  789  790  791  792  793  794
  795  797  798  799  800  801  802  803  804  805  806  807  808  810
  811  812  813  814  815  816  817  818  819  820  821  822  823  824
  825  826  827  828  829  830  831  832  833  834  835  836  837  838
  839  840  841  842  843  844  845  846  847  848  849  850  851  852
  853  854  855  856  857  858  859  860  861  862  863  864  865  866
  867  868  869  870  871  872  873  874  875  876  877  878  879  880
  881  882  883  884  885  886  887  888  889  890  891  892  893  894
  895  896  897  898  899  900  901  902  903  904  905  906  907  908
  909  910  911  912  913  914  915  916  917  918  919  920  921  922
  923  924  925  926  927  928  929  930  931  932  933  934  935  936
  938  939  940  941  942  943  944  945  946  947  948  949  951  952
  953  954  955  956  957  958  959  960  961  962  963  964  965  966
  968  969  970  971  972  973  974  975  976  977  978  979  980  981
  982  983  985  986  987  988  989  990  991  992  993  994  995  996
  997  998  999 1000 1001 1002 1003 1004 1005 1006 1007 1008 1009 1011
 1012 1013 1014 1015 1016 1017 1018 1019 1020 1021 1022 1023 1024 1025
 1026 1027 1028 1029 1030 1031 1032 1033 1034 1035 1036 1037 1038 1039
 1040 1041 1042 1043 1044 1046 1047 1048 1049 1050 1051 1052 1053 1054
 1056 1057 1058 1059 1060 1061 1062 1063 1064 1065 1066 1067 1069 1071
 1072 1073 1074 1075 1076 1077 1757 2873 3174 3237 3248 3784 3817 4797
 4798 4799 4800 4801 4802 4803 4805 4806 4807 4809 4810 4811 4814 4817
 4819 4820 4822 4825 4827 4828 4829 4831 4832 4834 4837 4839 4841 4842
 4843 4844 4845 4846 4848 4849 4851 4852 4854 4856 4857 4859 4860 4861
 4862 4863 4864 4867 4869 4870 4871 4873 4875 4876 4877 4878 4880 4881
 4882 4883 4888 4890 4891 4893 4894 4895 4896 4897 4898 4899 4900 4901
 4903 4905 4906 4907 4908 4909 4910 4912 4913 4914 4915 4917 4919 4921
 4923 4924 4926 4927 4928 4931 4932 4933 4934 4935 4936 4937 4939 4942
 4943 4946 4947 4948 4949 4950 4951 4952 4953 4954 4956 4957 4958 4960
 4964 4987 5314 5480 5856 6039 6855 6857 6867 6892 6955 6961 6992 7158
 7159 7160 7161 7162 7163 7164 7165 7166 7167 7168 7169 7171 7172 7173
 7174 7175 7176 7177 7178 7179 7180 7181 7182 7184 7185 7186 7187 7188
 7189 7190 7191 7192 7193 7194 7195 7196 7197 7198 7199 7200 7201 7202
 7203 7204 7205 7206 7207 7208 7209 7210 7211 7212 7213 7214 7215 7216
 7217 7218 7219 7220 7221 7222 7223 7224 7225 7226 7227 7229 7230 7231
 7232 7233 7234 7235 7236 7237 7238 7239 7240 7241 7242 7243 7244 7245
 7246 7247 7248 7249 7250 7251 7252 7253 7254 7255 7256 7257 7258 7259
 7260 7261 7262 7263 7264 7265 7266 7267 7268 7269 7270 7271 7272 7273
 7274 7275 7276 7277 7278 7279 7281 7282 7283 7284 7285 7286 7287 7288
 7289 7290 7291 7292 7293 7294 7295 7296 7297 7298 7299 7301 7302 7303
 7304 7305 7306 7307 7308 7309 7310 7311 7312 7313 7314 7315 7316 7317
 7318 7319 7320 7321 7322]",Arts
5,"[ 190  191  192  193  194  195  196  197  198  199  200  201  202  203
  204  205  206  207  208  209  210  211  212  213  214  215  216  217
  218  219  220  221  222  223  224  225  226  227  228  229  230  231
  232  233  234  235  236  237  238  239  240  241  242  243  244  245
  246  247  248  249  250  251  252  253  254  255  256  258  259  260
  261  262  263  264  265  266  267  268  269  270  271  272  273  274
  275  276  277  278  279  280  281  282  283  284  285  286  287  288
  289  290  291  292  293  294  295  296  297  298  299  300  301  302
  303  304  305  306  307  308  309  310  311  312  313  314  315  316
  317  318  319  320  321  322  323  324  325  326  327  328  329  330
  331  332  333  334  335  336  337  338  339  340  341  342  343  344
 1749 1835 3695 3696 3697 3698 3699 3700 3701 3702 3703 3704 3705 3706
 3707 3709 3710 3711 3713 3714 3715 3716 3717 3719 3720 3721 3723 3724
 3725 3726 3727 3728 3729 3730 3731 3732 3733 3734 3737 3738 3739 3740
 3741 3742 3743 3744 3745 3746 3747 3748 3750 3751 3752 3753 3754 3755
 3756 3757 3758 3759 3761 3762 3763 3764 3766 3767 3768 3769 3770 3771
 3772 3773 3774 3775 3776 3778 3779 3780 3782 3783 3785 3786 3787 3788
 3790 3791 3792 3794 3795 3796 3797 3798 3799 3800 3801 3802 3803 3804
 3805 3807 3808 3809 3810 3811 3812 3813 3814 3815 3818 3819 3821 3823
 3824 3825 3826 3827 3828 3829 3830 3831 3832 3833 3834 3835 3837 3838
 3841 3842 3843 3844 3846 3847 3850 3852 3853 3854 3855 3856 3857 3858
 3859 3860 3861 3862 3864 3866 3867 3868 3869 3870 3871 3872 3873 3875
 3876 3877 3879 3880 3881 3883 3884 3885 3886 3887 3888 3889 3890 3891
 3892 3893 3894 3895 3897 3898 3899 3900 3902 3903 3904 3905 3906 3907
 3908 3909 3910 3911 3912 3913 3914 3915 3916 3917 3918 3919 3920 3921
 3922 3923 3924 3926 3927 3929 3931 3932 3933 3934 3935 3936 3937 3938
 3939 3940 3941 3942 3943 3944 3945 3946 3947 3948 3949 3950 3951 3953
 3954 3955 3956 3957 3958 3959 3960 3961 3962 3963 3964 3965 3966 3967
 3968 3969 3970 3971 3972 3973 3974 3975 3976 3977 3978 3979 3980 3981
 3982 3983 3984 3985 3986 3987 3988 3989 3990 3991 3992 3993 3994 3995
 3996 3997 3998 3999 4000 4001 4002 4003 4004 4005 4006 4008 4010 4011
 4012 4013 4014 4015 4052 5064 5228 6135 6140 6570 6852 6853 6854 6856
 6860 6862 6864 6865 6866 6868 6869 6870 6871 6872 6873 6874 6875 6876
 6878 6879 6880 6881 6882 6883 6887 6888 6889 6890 6891 6893 6894 6895
 6896 6897 6898 6899 6900 6901 6902 6904 6905 6906 6907 6908 6909 6910
 6912 6913 6914 6915 6917 6920 6921 6922 6924 6925 6926 6927 6928 6929
 6930 6931 6932 6933 6934 6935 6936 6937 6938 6939 6942 6943 6944 6945
 6946 6947 6948 6950 6951 6952 6953 6954 6957 6958 6959 6960 6962 6963
 6964 6965 6966 6967 6968 6969 6970 6971 6972 6973 6975 6976 6978 6979
 6980 6982 6983 6984 6985 6986 6987 6988 6989 6990 6991 6993 6994 6995
 6996 6997 6998 6999 7000 7001 7002 7003 7004 7005 7006 7007 7008 7010
 7012 7013 7014 7015 7018 7021 7024 7027 7028 7029 7030 7031 7033 7037
 7039 7041 7044 7045 7050 7052 7054 7056 7057 7058 7060 7067 7070 7071
 7072 7073 7075 7077 7079 7080 7082 7084 7085 7088 7089 7090 7091 7092
 7094 7095 7098 7099 7100 7103 7104 7106 7108 7109 7110 7115 7117 7119
 7120 7121 7323 7324 7325 7326 7327 7328 7330 7331 7332 7333 7334 7335
 7336 7337 7338 7339 7340 7341 7342 7344 7345 7347 7348 7349 7350 7351
 7352 7353 7354 7355 7356 7357 7358 7359 7360 7361 7362 7363 7364 7365
 7366 7367 7368 7369 7370 7371 7372 7373 7374 7375 7376 7377 7378 7379
 7380 7381 7383 7384 7385 7386 7387 7388 7389 7390 7391 7392 7393 7394
 7395 7397 7399 7400 7401 7402 7403 7404 7405 7406 7407 7408 7409 7410
 7411 7412 7413 7414 7415 7416 7417 7418 7419 7420 7421 7423 7424 7425
 7426 7427 7429 7430 7432 7433 7434 7436 7437 7438 7439 7440 7442 7443
 7444 7445 7446 7447 7448 7449 7450 7451 7452 7453 7454 7455 7456 7457
 7458 7459]",Games
6,"[ 368  399  412  598  600  605  606  607  608  609  611  613  614  615
  616  617  618  620  622  623  624  625  629  633  635  636  638  641
  644  645  646  650  652  653  654  655  656  657  658  659  662  664
  665  666  667  668  669  670  671  673  676  677  678  679  681  683
  685  687  688  690  692  693  694  696  699  700  701  702  709  710
  711  716  717  718  719  720  721  722  723  724  725  729  731  733
  734  736  737  739  740 1741 1746 1759 2864 2865 2866 2867 2868 2869
 2870 2872 2874 2875 2876 2877 2878 2879 2880 2881 2882 2883 2884 2885
 2886 2887 2889 2890 2892 2894 2895 2896 2897 2899 2900 2901 2902 2903
 2904 2905 2906 2907 2908 2909 2910 2911 2912 2913 2914 2915 2916 2918
 2919 2920 2921 2922 2923 2924 2925 2926 2927 2928 2929 2930 2931 2932
 2933 2934 2935 2936 2937 2938 2939 2940 2941 2942 2943 2944 2945 2946
 2947 2948 2949 2950 2951 2952 2953 2954 2955 2956 2957 2958 2959 2960
 2963 2964 2965 2966 2967 2968 2969 2970 2971 2972 2973 2974 2975 2976
 2977 2979 2980 2981 2982 2983 2984 2985 2986 2987 2988 2989 2990 2991
 2992 2993 2994 2995 2996 2997 2998 3000 3001 3002 3003 3004 3005 3006
 3007 3008 3009 3010 3011 3012 3013 3014 3015 3016 3017 3018 3019 3020
 4350 4352 4353 4354 4356 4358 4359 4360 4361 4363 4366 4368 4372 4374
 4376 4377 4378 4379 4382 4384 4385 4386 4387 4388 4389 4390 4391 4392
 4393 4394 4395 4396 4397 4398 4399 4400 4402 4403 4404 4405 4406 4407
 4408 4411 4413 4414 4415 4416 4417 4419 4420 4422 4423 4424 4425 4426
 4427 4428 4429 4430 4431 4433 4434 4435 4436 4437 4438 4439 4440 4441
 4442 4444 4445 4447 4448 4449 4450 4452 4453 4454 4455 4456 4457 4458
 4459 4462 4463 4464 4465 4467 4468 4469 4470 4471 4474 4476 4478 4479
 4480 4482 4483 4484 4485 4487 4488 4489 4490 4491 4492 4493 4494 4497
 4498 4499 4500 4501 4503 4504 4506 4507 4508 4509 4510 4511 4512 4666
 4667 4670 4671 4672 4676 4677 4678 4679 4680 4682 4683 4684 4685 4686
 4687 4688 4689 4690 4693 4694 4696 4698 4699 4700 4702 4704 4705 4708
 4710 4711 4714 4715 4716 4719 4720 4721 4723 4725 4727 4729 4731 4732
 4733 4735 4736 4737 4738 4739 4741 4742 4743 4745 4747 4748 4750 4752
 4755 4757 4758 4759 4761 4762 4764 4765 4766 4767 4770 4771 4772 4776
 4777 4779 4780 4782 4786 4787 4788 4790 4794 5063 5071 5072 5073 5074
 5076 5077 5078 5079 5080 5081 5083 5084 5085 5086 5088 5091 5094 5095
 5096 5097 5099 5100 5101 5102 5104 5105 5111 5112 5113 5114 5117 5118
 5119 5121 5122 5123 5124 5127 5128 5130 5131 5132 5134 5135 5137 5141
 5144 5145 5146 5148 5151 5152 5153 5157 5158 5159 5160 5163 5164 5166
 5167 5169 5182 5183 5184 5185 5186 5187 5188 5189 5190 5191 5192 5194
 5195 5196 5197 5198 5199 5200 5201 5202 5203 5204 5205 5206 5993 5994
 5995 5996 5997 6000 6001 6002 6003 6004 6005 6006 6007 6008 6009 6010
 6011 6013 6014 6015 6016 6018 6020 6021 6023 6024 6025 6026 6027 6028
 6029 6030 6032 6033 6034 6036 6037 6038 6040 6041 6042 6043 6044 6045
 6047 6048 6050 6051 6052 6053 6054 6055 6058 6059 6062 6064 6065 6066
 6067 6068 6070 6071 6072 6073 6075 6076 6077 6078 6079 6080 6081 6082
 6083 6084 6085 6087 6088 6089 6090 6093 6094 6095 6096 6098 6099 6102
 6104 6105 6106 6107 6108 6110 6111 6112 6113 6115 6116 6117 6118 6119
 6120 6121 6122 6123 6124 6126 6127 6128 6129 6130 6131 6134 6137 6138
 6139 6141 6142 6143 6144 6145 6148 6149 6150 6152 6153 6156 6157 6158
 6159 6160 6161 6568 6569 6571 6572 6573 6574 6575 6576 6577 6578 6579
 6580 6581 6582 6583 6584 6586 6587 6588 6589 6590 6591 6592 6593 6594
 6595 6597 6598 6599 6600 6601 6602 6603 6604 6605 6609 6611 6612 6613
 6614 6616 6617 6618 6620 6621 6622 6625 6626 6627 6628 6630 6631 6632
 6634 6635 6636 6637 6638 6639 6640 6641 6642 6643 6644 6645 6646 6647
 6649 6650 6651 6652 6653 6654 6655 6656 6657 6658 6659 6660 6662 6663
 6665 6666 6667 6670 6671 6673 6674 6677 6678 6679 6680 6681 6682 6684
 6685 6687 6690 6691 6692 6693 6695 6696 6697 6699 6703 6705 6711 6712
 6714 6715 6718 6719 6720 6721 6723 6727 6729 6730 6731 6734 6738 6739
 6740 6741 6743 6744 6746 6747 6748 6750 6751 6752 6754 6755 6756 6757
 6759 6760 6761 6762 6765 6766 6767 6769 6770 6772 6773 6774 6775 6776
 6777 6778 6780 6781 6782 6783 6785 6786 6787 6788 6789 6792 6793 6794
 6796 6797 6799 6802 6803 6804 6806 6807 6809 6810 6812 6813 6814 6817
 6818 6819 6820 6821 6822 6824 6825 6826 6828 6830 6832 6834 6837 6841
 6844 6845 6846 6847 6849 6850 6851]",Figures
7,[ 386  390  406 4701],Home
8,[ 421  422  423 ... 6413 6414 6416],Die-Cast
9,[796],Storage
10,[809],Bedding
11,[ 967 1070 4795 4879 4889 4904],Office
12,"[1078 1079 1080 1081 1082 1083 1084 1085 1086 1087 1088 1089 1090 1091
 1092 1093 1094 1095 1096 1097 1098 1099 1100 1101 1102 1103 1104 1105
 1106 1107 1108 1109 1110 1111 1112 1113 1114 1115 1116 1117 1118 1119
 1120 1121 1122 1123 1124 1125 1126 1129 1130 1131 1132 1133 1134 1135
 1136 1138 1139 1140 1141 1142 1143 1144 1145 1146 1147 1148 1149 1150
 1151 1152 1154 1155 1156 1157 1158 1159 1160 1161 1162 1163 1164 1165
 1166 1167 1168 1169 1171 1172 1173 1175 1176 1178 1179 1180 1181 1182
 1183 1184 1186 1187 1188 1189 1190 1191 1192 1193 1195 1196 1197 1198
 1199 1200 1201 1202 1203 1204 1205 1206 1207 1208 1209 1210 1211 1212
 1213 1215 1216 1217 1218 1219 1220 1221 1222 1223 1224 1225 1227 1228
 1229 1230 1231 1232 1234 1235 1237 1238 1240 1241 1242 1243 1245 1246
 1247 3187 3197 3202 4371 5093 5207 5209 5210 5211 5212 5213 5214 5215
 5216 5217 5218 5219 5220 5221 5222 5223 5224 5225 5226 5227 5229 5230
 5231 5232 5233 5234 5235 5236 5237 5238 5239 5240 5241 5242 5243 5244
 5246 5247 5248 5249 5250 5251 5252 5253 5254 5255 5256 5257 5259 5260
 5261 5262 5263 5264 5265 5266 5267 5268 5269 5270 5271 5272 5273 5274
 5275 5276 5278 5279 5280 5281 5282 5283 5284 5285 5286 5287 5288 5289
 5290 5291 5292 5293 5294 5295 5296 5297 5298 5299 5300 5302 5303 5304
 5305 5306 5307 5308 5309 5310 5311 5312 5313 5316 5317 5318 5320 5321
 5322 5323 5324 5325 5326 5327 5328 5329 5330 5331 5332 5333 5334 5335
 5336 5337 5338 5339 5340 5341 5342 5343 5344 5345 5346 5347 5348 5349
 5350 5351 5352 5353 5354 5355 5356 5358 5359 5360 5361 5362 5363 5998
 6863]",Sports
13,[1185],Camping
14,"[1214 6165 6166 6167 6170 6171 6172 6175 6177 6179 6182 6183 6184 6188
 6191 6196 6198 6199 6200 6201 6203 6204 6205 6207 6209 6210 6211 6212
 6214 6215 6216 6217 6218 6219 6220 6222 6223 6225]",Pretend
15,[1412 2801],Women
16,[1447 1594 1769],Electronic
17,"[1733 1740 1744 3193 4968 4969 4970 4971 4973 4975 4976 4977 4978 4979
 4980 4981 4982 4983 4984 4985 4986 4989 4990 4991 4995 4996 4997 4998
 4999 5000 5001 5002 5004 5005 5006 5008 5009 5010 5011 5012 5013 5014
 5015 5016 5017 5021 5022 5023 5024 5025 5026 5027 5028 5029 5030 5031
 5032 5033 5034 5035 5036 5037 5038 5039 5040 5041 5042 5044 5045 5046
 5049 5050 5051 6238]",Baby
18,"[1735 1894 1895 1896 1897 1898 1899 1900 1902 1903 1904 1905 1907 1908
 1909 1910 1911 1912 1913 1914 1915 1916 1917 1918 1919 1920 1921 1922
 1923 1924 1925 1926 1927 1928 1930 1931 1933 1934 1935 1936 1937 1938
 1939 1940 1942 1943 1944 1945 1947 1948 1949 1950 1951 1952 1953 1955
 1956 1957 1958 1959 1961 1962 1963 1965 1966 1967 1968 1969 1970 1971
 1972 1973 1974 1975 1976 1977 1978 1979 1980 1981 1982 1983 1984 1985
 1986 1987 1990 1991 1992 1993 1994 1995 1996 1997 1998 1999 2000 2001
 2002 2003 2004 2005 2006 2007 2008 2009 2010 2011 2013 2014 2015 2016
 2017 2018 2019 2020 2021 2022 2023 2024 2025 2026 2027 2028 2029 2030
 2031 2032 2033 2034 2035 2036 2037 2038 2039 2040 2041 2042 2043 2044
 2045 2046 2047 2049 2050 2051 2052 2053 2054 2055 2056 2057 2058 2059
 2060 2061 2062 2063 2064 2066 2067 2068 2069 2070 2071 2073 2074 2075
 2076 2077 2078 2079 2080 2081 2082 2083 2084 2086 2088 2089 2090 2091
 2092 2093 2094 2095 2096 2097 2098 2099 2100 2101 2102 2103 2104 2106
 2107 2108 2109 2110 2111 2112 2113 2114 2115 2116 2117 2118 2119 2120
 2122 2123 2124 2125 2126 2127 2128 2129 2130 2131 2132 2133 2134 2135
 2136 2137 2138 2139 2140 2141 2142 2143 2144 2145 2146 2147 2148 2150
 2151 2152 2153 2154 2155 2156 2157 2158 2159 2160 2161 2162 2164 2165
 2166 2167 2168 2169 2170 2171 2172 2173 2174 2175 2176 2177 2178 2179
 2181 3468 3526 3527 3528 3529 3531 3532 3533 3535 3536 3537 3538 3539
 3540 3541 3542 3543 3544 3545 3546 3547 3548 3550 3551 3552 3553 3554
 3556 3557 3558 3559 3561 3563 3564 3565 3566 3567 3568 3569 3570 3571
 3572 3574 3576 3577 3578 3579 3580 3581 3582 3583 3584 3585 3586 3587
 3588 3589 3590 3591 3592 3593 3594 3595 3596 3597 3598 3599 3600 3601
 3602 3604 3605 3606 3607 3608 3609 3610 3611 3612 3613 3614 3615 3616
 3617 3618 3619 3620 3621 3622 3623 3624 3625 3626 3627 3628 3629 3630
 3631 3632 3633 3634 3635 3636 3638 3640 3641 3642 3644 3645 3646 3647
 3648 3649 3650 3652 3653 3654 3655 3656 3657 3658 3659 3660 3661 3662
 3663 3664 3665 3666 3667 3668 3669 3670 3671 3672 3673 3674 3675 3676
 3677 3678 3679 3680 3681 3682 3683 3684 3685 3686 3687 3688 3689 3690
 3691 3692 3693 3694 4370 4446 4477 4513 4514 4515 4516 4517 4518 4519
 4520 4522 4523 4524 4525 4526 4527 4529 4530 4531 4532 4533 4535 4536
 4537 4538 4540 4541 4542 4543 4544 4545 4546 4547 4548 4549 4551 4552
 4553 4554 4555 4556 4557 4558 4559 4560 4561 4562 4563 4564 4565 4568
 4569 4570 4571 4572 4573 4574 4576 4577 4578 4579 4580 4581 4583 4584
 4587 4588 4589 4590 4591 4592 4593 4594 4595 4597 4598 4599 4600 4601
 4602 4603 4604 4606 4607 4608 4609 4610 4611 4612 4613 4614 4616 4617
 4618 4619 4620 4621 4622 4623 4624 4626 4627 4628 4629 4630 4631 4632
 4633 4634 4635 4636 4637 4638 4639 4640 4641 4642 4643 4645 4646 4647
 4648 4649 4650 4651 4652 4653 4654 4655 4656 4657 4658 4659 4660 4661
 4662 4663 4664 4665 6596 7329]",Party
19,"[1737 5047 5842 5843 5844 5845 5846 5847 5848 5852 5853 5854 5857 5858
 5859 5860 5863 5866 5867 5868 5869 5870 5871 5874 5875 5876 5877 5878
 5879 5880 5881 5882 5883 5884 5885 5886 5887 5888 5890 5891 5892 5893
 5894 5895 5896 5899 5900 5901 5902 5903 5904 5907 5908 5909 5910 5911
 5912 5913 5914 5916 5917 5918 5920 5921 5922 5923 5924 5925 5926 5927
 5928 5929 5930 5931 5932 5933 5934 5935 5936 5937 5938 5939 5940 5941
 5942 5943 5944 5945 5946 5947 5949 5950 5951 5952 5953 5954 5955 5956
 5957 5958 5959 5960 5963 5965 5966 5967 5968 5969 5970 5971 5972 5973
 5974 5975 5976 5977 5979 5980 5981 5982 5983 5984 5985 5986 5987 5988
 5989 5990 5991 5992 6417 6418 6419 6420 6421 6422 6423 6424 6425 6426
 6427 6428 6429 6430 6431 6432 6433 6434 6435 6436 6437 6438 6439 6440
 6441 6442 6443 6444 6445 6446 6447 6448 6449 6450 6451 6452 6453 6454
 6455 6456 6457 6458 6459 6460 6461 6462 6463 6464 6465 6466 6468 6469
 6470 6471 6472 6473 6474 6475 6476 6477 6478 6479 6480 6481 6482 6483
 6484 6485 6486 6487 6488 6489 6490 6491 6492 6493 6494 6495 6496 6497
 6498 6499 6500 6501 6502 6503 6504 6505 6506 6507 6508 6509 6510 6511
 6512 6513 6514 6515 6516 6517 6518 6519 6520 6521 6522 6523 6524 6525
 6526 6527 6528 6529 6530 6531 6532 6533 6534 6535 6536 6537 6538 6539
 6540 6541 6542 6543 6544 6545 6546 6547 6548 6549 6550 6551 6552 6553
 6554 6555 6556 6557 6558 6559 6560 6561 6562 6563 6564 6565 6566 6567
 6771 7147]",Dolls
20,[1767 3501 5058],Educational
21,[1783],Laundry
22,[1801],Jams
23,[1855],Sweets
24,"[1906 3530 3534 3549 3560 3603 3637 3639 4521 4534 4539 4585 4596 4605
 4644]",Musical
25,[2215],Men
26,[2223],Sex
27,[2229 2262 2279 2286 2295 2296 2316 2320 2340 7280 7489],Novelty
28,[3176 4502 6911 7183],Cooking
29,[3184 3200],Medication
30,"[3188 3203 3204 3205 3206 3207 3208 3209 3210 3211 3212 3213 3214 3215
 3216 3217 3218 3219 3220 3221 3222 3223 3224 3225 3226 3227 3228 3229
 3230 3231 3232 3233 3234 3235 3236 3238 3239 3240 3241 3242 3243 3244
 3245 3246 3247 3249 3250 3251 3252 3253 3254 3255 3256 3257 3258 3259
 3260 3261 3262 3263 3264 3265 3266 3267 3268 3269 3270 3271 3272 3273
 3274 3275 3276 3277 3278 3279 3280 3281 3282 3283 3284 3285 3286 3288
 3289 3290 3291 3292 3293 3294 3295 3296 3297 3298 3299 3300 3301 3302
 3303 3304 3305 3306 3307 3308 3309 3310 3311 3312 3313 3314 3315 3316
 3317 3318 3319 3320 3321 3323 3324 3325 3326 3327 3328 3329 3330 3331
 3332 3333 3334 3335 3336 3337 3338 3339 3340 3341 3342 3343 3344 3345
 3346 3347 3348 3349 3350 3351 3352 3353 3354 3355 3356 3357 3358 3359
 3360 3361 3362 3363 3364 3365 3366 3367 3368 3369 3370 3371 3372 3373
 3374 3375 3376 3377 5961 6162 6163 6164 6168 6169 6173 6174 6176 6178
 6180 6181 6185 6186 6189 6190 6192 6193 6194 6195 6197 6202 6206 6208
 6226 6227 6228 6229 6230 6231 6232 6234 6235 6236 6237 6239 6240 6241
 6242 6243 6244 6245 6246 6247 6248 6249 6250 6251 6252 6253 6254 6255
 6256 6257 6258 6259 6260 6261 6262 6263 6264 6265 6266 6267 6268 6269
 6270 6271]",Puppets
31,[3190],Indoor
32,"[3378 3380 3384 3385 3386 3388 3390 3393 3394 3395 3399 3401 3402 3403
 3404 3406 3408 3410 3413 3414 3415 3417 3418 3419 3421 3422 3425 3426
 3431 3433 3434 3436 3437 3438 3440 3444 3445 3447 3448 3450 3453 3457
 3458 3459 3460 3461 3462 3463 3464 3466 3467 3469 3470 3471 3472 3473
 3474 3475 3476 3477 3478 3479 3480 3481 3482 3483 3484 3485 3486 3487
 3488 3490 3491 3492 3493 3494 3495 3496 3497 3499 3502 3503 3505 3506
 3507 3508 3509 3510 3512 3513 3514 3515 3516 3517 3518 3519 3520 3521
 3523 3524 3525 5364 5366 5367 5368 5370 5372 5373 5374 5375 5376 5378
 5379 5380 5381 5382 5383 5384 5385 5386 5393 5394 5395 5397 5398 5400
 5401 5402 5403 5404 5406 5408 5409 5410 5412 5413 5414 5415 5417 5418
 5420 5422 5423 5424 5426 5427 5428 5430 5431 5432 5433 5434 5435 5436
 5439 5440 5442 5444 5445 5446 5447 5449 5450 5451 5452 5454 5456 5457
 5458 5459 5460 5461 5462 5465 5466 5467 5468 5471 5472 5473 5474 5475
 5476 5477 5478 5479 5481 5482 5484 5485 5486 5487 5488 5489 5490 5492
 5495 5496 5497 5498 5499 5500 5502 5505 5507 5509 5511 5513 5515 5516
 5520 5521 5522 5523 5524 5527 5529 6092]",Jigsaws
33,[4373 6133],Dogs
34,[4818 4824 4855 4872 4885 4887 4938],Pens
35,[5208 5258 5315],Worlds
36,[5245 5277 5301],Gardening
